congress,chamber,rollnumber,date,session,clerk_rollnumber,yea_count,nay_count,nominate_mid_1,nominate_mid_2,nominate_spread_1,nominate_spread_2,nominate_log_likelihood,bill_number,vote_result,vote_desc,vote_question,dtl_desc
119,House,1,2025-01-03,1,2,218,216,-0.137,0.991,-0.62,-0.705,-5.461,,Johnson (LA),,Election of the Speaker,
119,House,2,2025-01-03,1,3,216,210,0.025,0.126,-0.713,0.141,-0.27,HRES5,Passed,"Adopting the Rules of the House of Representatives for the One Hundred Nineteenth Congress, and for other purposes",On Ordering the Previous Question,
119,House,3,2025-01-03,1,4,209,214,0.025,0.126,0.713,-0.141,-0.27,HRES5,Failed,"Adopting the Rules of the House of Representatives for the One Hundred Nineteenth Congress, and for other purposes",On Motion to Commit with Instructions,
119,House,4,2025-01-03,1,5,215,209,0.189,-0.785,-0.653,-0.657,-5.179,HRES5,Passed,"Adopting the Rules of the House of Representatives for the One Hundred Nineteenth Congress, and for other purposes",On Agreeing to the Resolution,
119,House,5,2025-01-07,1,6,264,159,-0.377,0.511,-0.663,-0.979,-56.121,HR29,Passed,Laken Riley Act,On Passage,
119,House,6,2025-01-09,1,7,243,140,0.258,-0.676,-0.433,-1.568,-75.132,HR23,Passed,Illegitimate Court Counteraction Act,On Passage,
119,House,7,2025-01-13,1,8,407,0,0.0,0.0,0.0,0.0,0.0,HR192,Passed,Amtrak Executive Bonus Disclosure Act,On Motion to Suspend the Rules and Pass,
119,House,8,2025-01-13,1,9,405,5,0.0,0.0,0.0,0.0,0.0,HR152,Passed,Federal Disaster Assistance Coordination Act,On Motion to Suspend the Rules and Pass,
119,House,9,2025-01-14,1,10,426,0,0.0,0.0,0.0,0.0,0.0,HR153,Passed,Post-Disaster Assistance Online Accountability Act,On Motion to Suspend the Rules and Pass,
119,House,10,2025-01-14,1,11,208,218,0.132,0.991,0.651,-0.428,-5.997,HR28,Failed,Protection of Women and Girls in Sports Act,On Motion to Recommit,
119,House,11,2025-01-14,1,12,218,206,0.13,-0.302,-0.604,-0.93,-6.708,HR28,Passed,Protection of Women and Girls in Sports Act,On Passage,
119,House,12,2025-01-15,1,13,419,2,0.0,0.0,0.0,0.0,0.0,HR164,Passed,POWER Act,On Motion to Suspend the Rules and Pass,
119,House,13,2025-01-15,1,14,423,0,0.0,0.0,0.0,0.0,0.0,HR144,Passed,Tennessee Valley Authority Salary Transparency Act,On Motion to Suspend the Rules and Pass,
119,House,14,2025-01-15,1,15,423,1,0.0,0.0,0.0,0.0,0.0,HR33,Passed,To amend the Internal Revenue Code of 1986 to provide special rules for the taxation of certain residents of Taiwan with income from sources within the United States,On Passage,
119,House,15,2025-01-16,1,16,206,213,0.036,0.087,0.715,-0.026,-0.293,HR30,Failed,Preventing Violence Against Women by Illegal Aliens Act,On Motion to Recommit,
119,House,16,2025-01-16,1,17,274,145,-0.393,0.561,-0.909,-1.005,-69.121,HR30,Passed,Preventing Violence Against Women by Illegal Aliens Act,On Passage,
119,House,17,2025-01-21,1,18,414,0,0.0,0.0,0.0,0.0,0.0,HR186,Passed,Hershel “Woody” Williams National Medal of Honor Monument Location Act,On Motion to Suspend the Rules and Pass,
119,House,18,2025-01-21,1,19,413,0,0.0,0.0,0.0,0.0,0.0,HR187,Passed,MAPWaters Act,"On Motion to Suspend the Rules and Pass, as Amended",
119,House,19,2025-01-22,1,20,214,204,0.05,0.143,-0.716,-0.037,-0.19,HRES53,Passed,Providing for consideration of the bill (H.R. 471) the Fix Our Forests Act; and providing for consideration of the bill (S. 5) the Laken Riley Act,On Ordering the Previous Question,
119,House,20,2025-01-22,1,21,213,204,0.05,0.143,-0.716,-0.037,-0.19,HRES53,Passed,Providing for consideration of the bill (H.R. 471) the Fix Our Forests Act; and providing for consideration of the bill (S. 5) the Laken Riley Act,On Agreeing to the Resolution,
119,House,21,2025-01-22,1,22,416,0,0.0,0.0,0.0,0.0,0.0,HR165,Passed,Wounded Knee Massacre Memorial and Sacred Site Act,On Motion to Suspend the Rules and Pass,
119,House,22,2025-01-22,1,23,263,156,-0.284,0.147,-0.606,-0.939,-49.614,S5,Passed,Laken Riley Act,On Passage,
119,House,23,2025-01-23,1,24,359,62,0.564,-0.239,0.502,-1.249,-44.101,HR375,Passed,Continued Rapid Ohia Death Response Act,On Motion to Suspend the Rules and Pass,
119,House,24,2025-01-23,1,25,279,141,0.056,-0.998,-0.264,-0.497,-95.555,HR471,Passed,Fix Our Forests Act,On Passage,
119,House,25,2025-01-23,1,26,205,216,0.031,0.068,0.716,0.018,-0.243,HR21,Failed,Born-Alive Abortion Survivors Protection Act,On Motion to Recommit,
119,House,26,2025-01-23,1,27,217,204,0.063,-0.16,-0.655,-0.707,-3.977,HR21,Passed,Born-Alive Abortion Survivors Protection Act,On Passage,
119,House,27,2025-02-04,1,28,412,1,0.0,0.0,0.0,0.0,0.0,HR43,Passed,Alaska Native Village Municipal Lands Restoration Act,On Motion to Suspend the Rules and Pass,
119,House,28,2025-02-04,1,29,361,56,0.731,0.449,0.841,-0.76,-46.57,HR776,Passed,Nutria Eradication and Control Reauthorization Act,On Motion to Suspend the Rules and Pass,
119,House,29,2025-02-05,1,30,212,208,0.036,0.088,-0.715,0.044,-0.29,HRES93,Passed,"Providing for consideration of the bill (H.R. 27) to amend the Controlled Substances Act with respect to the scheduling of fentanyl-related substances, and for other purposes",On Ordering the Previous Question,
119,House,30,2025-02-05,1,31,215,208,0.036,0.093,-0.715,0.039,-0.292,HRES93,Passed,"Providing for consideration of the bill (H.R. 27) to amend the Controlled Substances Act with respect to the scheduling of fentanyl-related substances, and for other purposes",On Agreeing to the Resolution,
119,House,31,2025-02-06,1,32,182,226,-0.273,0.962,0.634,0.34,-41.905,HR27,Failed,,On Agreeing to the Amendment,
119,House,32,2025-02-06,1,33,312,108,-0.478,0.583,-0.413,-0.409,-82.123,HR27,Passed,HALT Fentanyl Act,On Passage,
119,House,33,2025-02-07,1,34,205,207,-0.127,0.992,0.533,0.62,-7.87,HR26,Failed,Protecting American Energy Production Act,On Motion to Recommit,
119,House,34,2025-02-07,1,35,226,188,0.303,-0.71,-0.478,-1.161,-33.91,HR26,Passed,Protecting American Energy Production Act,On Passage,
119,House,35,2025-02-10,1,36,388,7,0.0,0.0,0.0,0.0,0.0,HR692,Passed,China Exchange Rate Transparency Act,"On Motion to Suspend the Rules and Pass, as Amended",
119,House,36,2025-02-10,1,37,408,0,0.0,0.0,0.0,0.0,0.0,HR736,Passed,Protect Small Businesses from Excessive Paperwork Act,On Motion to Suspend the Rules and Pass,
119,House,37,2025-02-11,1,38,210,184,0.037,0.102,-0.715,0.053,-0.283,HRES122,Passed,Providing for consideration of the bill (H.R. 77) the Midnight Rules Relief Act,On Ordering the Previous Question,
119,House,38,2025-02-11,1,39,216,205,0.038,0.1,-0.715,0.034,-0.297,HRES122,Passed,Providing for consideration of the bill (H.R. 77) the Midnight Rules Relief Act,On Agreeing to the Resolution,
119,House,39,2025-02-12,1,40,205,213,0.037,0.095,0.715,-0.032,-0.285,HR77,Failed,Midnight Rules Relief Act,On Motion to Recommit,
119,House,40,2025-02-12,1,41,212,208,0.136,-0.171,-0.614,-0.91,-5.03,HR77,Passed,Midnight Rules Relief Act,On Passage,
119,House,41,2025-02-13,1,42,264,155,-0.308,0.237,-0.651,-0.689,-49.879,HR35,Passed,Agent Raul Gonzalez Officer Safety Act,On Passage,
119,House,42,2025-02-24,1,43,405,0,0.0,0.0,0.0,0.0,0.0,HR825,Passed,Assisting Small Businesses Not Fraudsters Act,On Motion to Suspend the Rules and Pass,
119,House,43,2025-02-24,1,44,396,15,0.581,-0.649,0.358,-1.516,-17.138,HR832,Passed,Small Business Advocacy Improvements Act,On Motion to Suspend the Rules and Pass,
119,House,44,2025-02-24,1,45,384,25,0.695,-0.486,0.367,-0.49,-36.278,HR818,Passed,SPUR Act,On Motion to Suspend the Rules and Pass,
119,House,45,2025-02-25,1,46,216,210,0.037,0.104,-0.715,0.049,-0.292,HRES161,Passed,Providing for consideration of the joint resolution (H.J. Res. 20); providing for consideration of the joint resolution (H.J. Res. 35); and providing for consideration of the concurrent resolution (H. Con. Res. 14),On Ordering the Previous Question,
119,House,46,2025-02-25,1,47,217,211,0.037,0.104,-0.715,0.049,-0.292,HRES161,Passed,Providing for consideration of the joint resolution (H.J. Res. 20); providing for consideration of the joint resolution (H.J. Res. 35); and providing for consideration of the concurrent resolution (H. Con. Res. 14),On Agreeing to the Resolution,
119,House,47,2025-02-25,1,48,427,3,0.0,0.0,0.0,0.0,0.0,HR788,Passed,DOE and SBA Research Act,On Motion to Suspend the Rules and Pass,
119,House,48,2025-02-25,1,49,415,8,0.0,0.0,0.0,0.0,0.0,HR804,Passed,Rural Small Business Resilience Act,On Motion to Suspend the Rules and Pass,
119,House,49,2025-02-25,1,50,217,215,-0.122,0.993,-0.63,-0.689,-5.429,HCONRES14,Passed,Establishing the congressional budget for the United States Government for fiscal year 2025 and setting forth the appropriate budgetary levels for fiscal years 2026 through 2034,"On Agreeing to the Resolution, as Amended",
119,House,50,2025-02-26,1,51,424,0,0.0,0.0,0.0,0.0,0.0,HR695,Passed,Medal of Honor Act,"On Motion to Suspend the Rules and Pass, as Amended",
119,House,51,2025-02-26,1,52,220,206,0.01,0.083,-0.533,-1.156,-11.789,HJRES35,Passed,"Providing for congressional disapproval under chapter 8 of title 5, United States Code, of the rule submitted by the Environmental Protection Agency relating to “Waste Emissions Charge for Petroleum and Natural Gas Systems: Procedures for Facilitating Compliance, Including Netting and Exemptions”",On Passage,
119,House,52,2025-02-27,1,53,221,198,-0.164,0.307,-0.612,-0.885,-17.043,HJRES20,Passed,"Providing for congressional disapproval under chapter 8 of title 5, United States Code, of the rule submitted by the Department of Energy relating to “Energy Conservation Program: Energy Conservation Standards for Consumer Gas-fired Instantaneous Water Heaters”",On Passage,
119,House,53,2025-03-03,1,54,417,0,0.0,0.0,0.0,0.0,0.0,HR856,Passed,Safe and Smart Federal Purchasing Act,On Motion to Suspend the Rules and Pass,
119,House,54,2025-03-03,1,55,402,16,0.462,-0.887,0.633,-2.649,-38.704,HR758,Passed,Mail Traffic Deaths Reporting Act,On Motion to Suspend the Rules and Pass,
119,House,55,2025-03-04,1,56,196,187,0.036,0.101,-0.715,0.053,-0.279,HRES177,Passed,"Providing for consideration of the joint resolutions H.J. Res 42, H.J. Res. 61, and S.J. Res. 11",On Ordering the Previous Question,
119,House,56,2025-03-04,1,57,211,209,0.036,0.102,-0.715,0.05,-0.284,HRES177,Passed,"Providing for consideration of the joint resolutions H.J. Res 42, H.J. Res. 61, and S.J. Res. 11",On Agreeing to the Resolution,
119,House,57,2025-03-05,1,58,216,202,-0.048,0.19,-0.523,-1.176,-9.654,HJRES61,Passed,"Providing for congressional disapproval under chapter 8 of title 5, United States Code, of the rule submitted by the Environmental Protection Agency relating to “National Emission Standards for Hazardous Air Pollutants: Rubber Tire Manufacturing”",On Passage,
119,House,58,2025-03-05,1,59,222,203,-0.076,0.198,-0.553,-1.089,-9.628,HJRES42,Passed,"Providing for congressional disapproval of the rule submitted by the Department of Energy relating to “Energy Conservation Program for Appliance Standards: Certification Requirements, Labeling Requirements, and Enforcement Provisions for Certain Consumer Products and Commercial Equipment”",On Passage,
119,House,59,2025-03-05,1,60,209,211,0.036,0.101,0.715,-0.048,-0.289,HRES189,Failed,Censuring Representative Al Green of Texas,On Motion to Table,
119,House,60,2025-03-06,1,61,221,202,0.135,-0.206,-0.491,-1.252,-19.746,SJRES11,Passed,"Providing for congressional disapproval under chapter 8 of title 5, United States Code, of the rule submitted by the Bureau of Ocean Energy Management relating to “Protection of Marine Archaeological Resources”",On Passage,
119,House,61,2025-03-06,1,62,224,198,-0.118,-0.562,-0.43,-0.031,-26.632,HRES189,Passed,Censuring Representative Al Green of Texas,On Agreeing to the Resolution,
119,House,62,2025-03-10,1,63,402,1,0.0,0.0,0.0,0.0,0.0,HR495,Passed,Subterranean Border Defense Act,On Motion to Suspend the Rules and Pass,
119,House,63,2025-03-10,1,64,410,1,0.0,0.0,0.0,0.0,0.0,HR901,Passed,Research Security and Accountability in DHS Act,On Motion to Suspend the Rules and Pass,
119,House,64,2025-03-10,1,65,406,9,0.0,0.0,0.0,0.0,0.0,HR993,Passed,Emerging Innovative Border Technologies Act,On Motion to Suspend the Rules and Pass,
119,House,65,2025-03-11,1,66,216,212,0.035,0.11,-0.715,0.072,-0.283,HRES211,Passed,Providing for consideration of the joint resolution (H.J. Res. 25); providing for consideration of the bill (H.R. 1156); providing for consideration of the bill (H.R. 1968); and for other purposes.,On Ordering the Previous Question,
119,House,66,2025-03-11,1,67,216,214,-0.12,0.993,-0.627,-0.681,-5.429,HRES211,Passed,Providing for consideration of the joint resolution (H.J. Res. 25); providing for consideration of the bill (H.R. 1156); providing for consideration of the bill (H.R. 1968); and for other purposes.,On Agreeing to the Resolution,
119,House,67,2025-03-11,1,68,295,127,-0.328,-0.078,-0.355,-0.223,-89.894,HR1156,Passed,Pandemic Unemployment Fraud Enforcement Act,On Passage,
119,House,68,2025-03-11,1,69,213,216,0.035,0.109,0.715,-0.07,-0.284,HR1968,Failed,"Full-Year Continuing Appropriations and Extensions Act, 2025",On Motion to Recommit,
119,House,69,2025-03-11,1,70,217,213,-0.162,0.987,-0.626,-0.727,-6.892,HR1968,Passed,"Full-Year Continuing Appropriations and Extensions Act, 2025",On Passage,
119,House,70,2025-03-11,1,71,292,132,0.074,-0.997,-0.212,-0.438,-112.941,HJRES25,Passed,"Providing for congressional disapproval under chapter 8 of title 5, United States Code, of the rule submitted by the Internal Revenue Service relating to “Gross Proceeds Reporting by Brokers That Regularly Provide Services Effectuating Digital Asset Sales”",On Passage,
119,House,71,2025-03-24,1,72,405,0,0.0,0.0,0.0,0.0,0.0,HR359,Passed,Cost-Share Accountability Act,On Motion to Suspend the Rules and Pass,
119,House,72,2025-03-24,1,73,372,35,0.687,-0.234,0.43,-1.441,-36.896,HR1326,Passed,DOE and USDA Interagency Research Act,On Motion to Suspend the Rules and Pass,
119,House,73,2025-03-25,1,74,350,73,0.163,-0.823,0.247,-0.8,-85.208,HR1534,Passed,IMPACT Act,On Motion to Suspend the Rules and Pass,
119,House,74,2025-03-25,1,75,215,208,0.033,0.112,-0.715,0.074,-0.273,HRES242,Passed,"Providing for consideration of the joint resolutions H. J. Res 24 and H. J. Res. 75; and providing for consideration of the bill H.R. 1048, and for other purposes",On Ordering the Previous Question,
119,House,75,2025-03-25,1,76,214,207,0.033,0.112,-0.715,0.074,-0.273,HRES242,Passed,"Providing for consideration of the joint resolutions H. J. Res 24 and H. J. Res. 75; and providing for consideration of the bill H.R. 1048, and for other purposes",On Agreeing to the Resolution,
119,House,76,2025-03-27,1,77,203,182,-0.068,0.211,-0.553,-1.086,-7.547,HJRES24,Passed,"Providing for congressional disapproval under chapter 8 of title 5, United States Code, of the rule submitted by the Department of Energy relating to “Energy Conservation Program: Energy Conservation Standards for Walk-In Coolers and Walk-In Freezers”",On Passage,
119,House,77,2025-03-27,1,78,214,193,-0.033,0.159,-0.55,-1.099,-7.758,HJRES75,Passed,"Providing for congressional disapproval of the rule submitted by the Office of Energy Efficiency and Renewable Energy, Department of Energy relating to “Energy Conservation Program: Energy Conservation Standards for Commercial Refrigerators, Freezers, and Refrigerator-Freezers”",On Passage,
119,House,78,2025-03-27,1,79,199,214,0.124,-0.973,0.427,0.286,-15.452,HR1048,Failed,,On Agreeing to the Amendment,
119,House,79,2025-03-27,1,80,92,321,0.182,-0.983,-0.25,0.533,-95.209,HR1048,Failed,,On Agreeing to the Amendment,
119,House,80,2025-03-27,1,81,3,410,0.0,0.0,0.0,0.0,0.0,HR1048,Failed,,On Agreeing to the Amendment,
119,House,81,2025-03-27,1,82,4,404,0.0,0.0,0.0,0.0,0.0,HR1048,Failed,,On Agreeing to the Amendment,
119,House,82,2025-03-27,1,83,241,169,-0.102,-0.102,-0.241,-0.452,-59.173,HR1048,Passed,DETERRENT Act,On Passage,
119,House,83,2025-03-31,1,84,388,0,0.0,0.0,0.0,0.0,0.0,HR517,Passed,Filing Relief for Natural Disasters Act,"On Motion to Suspend the Rules and Pass, as Amended",
119,House,84,2025-03-31,1,85,385,0,0.0,0.0,0.0,0.0,0.0,HR997,Passed,National Taxpayer Advocate Enhancement Act,"On Motion to Suspend the Rules and Pass, as Amended",
119,House,85,2025-04-01,1,86,215,213,0.034,0.119,-0.715,0.072,-0.282,HRES282,Passed,Providng for consideration of the joint resolutions S.J.Res. 18 and S.J.Res 28; providing for consideration of the bills H.R. 1526 and H.R. 22; and for other purposes,On Ordering the Previous Question,
119,House,86,2025-04-01,1,87,206,222,-0.064,0.998,-0.624,-0.972,-26.678,HRES282,Failed,Providng for consideration of the joint resolutions S.J.Res. 18 and S.J.Res 28; providing for consideration of the bills H.R. 1526 and H.R. 22; and for other purposes,On Agreeing to the Resolution,
119,House,87,2025-04-01,1,88,423,0,0.0,0.0,0.0,0.0,0.0,HR1491,Passed,Disaster Related Extension of Deadlines Act,"On Motion to Suspend the Rules and Pass, as Amended",
119,House,88,2025-04-07,1,89,411,0,0.0,0.0,0.0,0.0,0.0,HR586,Passed,Vietnam Veterans Liver Fluke Cancer Study Act,"On Motion to Suspend the Rules and Pass, as Amended",
119,House,89,2025-04-07,1,90,412,0,0.0,0.0,0.0,0.0,0.0,HR1039,Passed,Clear Communication for Veterans Claims Act,"On Motion to Suspend the Rules and Pass, as Amended",
119,House,90,2025-04-08,1,91,213,211,0.033,0.117,-0.715,0.073,-0.275,HRES294,Passed,Providing for consideration of the joint resolutions S.J. Res. 18 and S.J. Res. 28; providing for consideration of the bills H.R. 1526 and H.R. 22; and for other purposes,On Ordering the Previous Question,
119,House,91,2025-04-08,1,92,213,211,-0.13,0.992,-0.55,-0.607,-6.49,HRES294,Passed,Providing for consideration of the joint resolutions S.J. Res. 18 and S.J. Res. 28; providing for consideration of the bills H.R. 1526 and H.R. 22; and for other purposes,On Agreeing to the Resolution,
119,House,92,2025-04-09,1,93,217,212,0.033,0.116,-0.715,0.083,-0.279,HRES313,Passed,"Providing for consideration of the Senate amendment to the concurrent resolution (H. Con. Res. 14) establishing the congressional budget for the United States Government for fiscal year 2025 and setting forth the appropriate budgetary levels for fiscal years 2026 through 2034, and for other purposes",On Ordering the Previous Question,
119,House,93,2025-04-09,1,94,216,215,-0.093,0.996,-0.477,-0.564,-13.787,HRES313,Passed,"Providing for consideration of the Senate amendment to the concurrent resolution (H. Con. Res. 14) establishing the congressional budget for the United States Government for fiscal year 2025 and setting forth the appropriate budgetary levels for fiscal years 2026 through 2034, and for other purposes",On Agreeing to the Resolution,
119,House,94,2025-04-09,1,95,219,211,0.033,0.116,-0.715,0.084,-0.279,SJRES28,Passed,Disappoving the rule submitted by the Bureau of Consumer Financial Protection relating to “Defining Larger Participants of a Market for General-Use Digital Consumer Payment Applications”,On Passage,
119,House,95,2025-04-09,1,96,217,211,-0.047,0.771,-0.675,-0.706,-4.377,SJRES18,Passed,Disapproving the rule submitted by the Bureau of Consumer Financial Protection relating to “Overdraft Lending: Very Large Financial Institutions”,On Passage,
119,House,96,2025-04-09,1,97,212,217,0.033,0.116,0.715,-0.083,-0.279,HR1526,Failed,No Rogue Rulings Act,On Motion to Recommit,
119,House,97,2025-04-09,1,98,219,213,0.076,-0.082,-0.964,0.307,-4.811,HR1526,Passed,No Rogue Rulings Act,On Passage,
119,House,98,2025-04-09,1,99,424,0,0.0,0.0,0.0,0.0,0.0,HR1228,Passed,Prioritizing Veterans’ Survivors Act,On Motion to Suspend the Rules and Pass,
119,House,99,2025-04-10,1,100,216,214,-0.14,0.99,-0.621,-0.821,-9.828,HCONRES14,Passed,Establishing the congressional budget for the United States Government for fiscal year 2025 and setting forth the appropriate budgetary levels for fiscal years 2026 through 2034,On Motion to Concur in the Senate Amendment,
119,House,100,2025-04-10,1,101,211,215,0.032,0.113,0.715,-0.096,-0.273,HR22,Failed,SAVE Act,On Motion to Recommit,
119,House,101,2025-04-10,1,102,220,208,-0.112,0.371,-0.692,-0.423,-8.806,HR22,Passed,SAVE Act,On Passage,
119,House,102,2025-04-28,1,103,365,42,0.559,-0.383,0.491,-1.365,-43.061,HR973,Passed,Setting Consumer Standards for Lithium-Ion Batteries Act,On Motion to Suspend the Rules and Pass,
119,House,103,2025-04-28,1,104,409,2,0.0,0.0,0.0,0.0,0.0,S146,Passed,TAKE IT DOWN Act,On Motion to Suspend the Rules and Pass,
119,House,104,2025-04-29,1,105,215,206,0.031,0.115,-0.715,0.092,-0.27,HRES354,Passed,"Providing for consideration of the joint resolutions H.J. Res. 60, H.J. Res. 78, H.J. Res. 87, H.J. Res. 88, and H.J. Res. 89",On Ordering the Previous Question,
119,House,105,2025-04-29,1,106,216,208,0.031,0.116,-0.715,0.092,-0.27,HRES354,Passed,"Providing for consideration of the joint resolutions H.J. Res. 60, H.J. Res. 78, H.J. Res. 87, H.J. Res. 88, and H.J. Res. 89",On Agreeing to the Resolution,
119,House,106,2025-04-29,1,107,409,15,0.52,-0.707,0.389,-1.718,-23.886,HR1402,Passed,TICKET Act,On Motion to Suspend the Rules and Pass,
119,House,107,2025-04-29,1,108,378,42,0.549,-0.396,0.337,-1.028,-48.173,HR1442,Passed,Youth Poisoning Protection Act,"On Motion to Suspend the Rules and Pass, as Amended",
119,House,108,2025-04-29,1,109,415,9,0.0,0.0,0.0,0.0,0.0,HR859,Passed,Informing Consumers about Smart Devices Act,On Motion to Suspend the Rules and Pass,
119,House,109,2025-04-29,1,110,219,205,-0.029,0.168,-0.644,-0.755,-4.163,HJRES60,Passed,"Providing for congressional disapproval under chapter 8 of title 5, United States Code, of the rule submitted by the National Park Service relating to “Glen Canyon National Recreation Area: Motor Vehicles”",On Passage,
119,House,110,2025-04-30,1,111,231,191,-0.061,0.075,-0.524,-1.252,-25.011,HJRES87,Passed,"Congressional disapproval, of the rule submitted by the EPA relating to “CA Motor Vehicle and Engine Pollution Control Standards; Heavy-Duty Vehicle and Engine Em Warranty and Maintenance Provisions; Advanced Clean Trucks; Zero Em Airport Shuttle; Zero-Em Power Train Cert.; Waiver of Preemption; Notice of Decision”",On Passage,
119,House,111,2025-04-30,1,112,225,196,0.091,-0.15,-0.491,-1.26,-20.839,HJRES89,Passed,"Congressional disapproval, of the rule submitted by the EPA relating to “California State Motor Vehicle and Engine and Nonroad Engine Pollution Control Standards; The ’Omnibus’ Low NOX Regulation; Waiver of Preemption; Notice of Decision”",On Passage,
119,House,112,2025-05-01,1,113,216,195,-0.005,0.177,-0.58,-1.039,-7.86,HJRES78,Passed,"Congressional disapproval, of the rule submitted by the United States Fish and Wildlife Service relating to “Endangered and Threatened Wildlife and Plants; Endangered Species Status for the San Francisco Bay-Delta Distinct Population Segment of the Longfin Smelt”",On Passage,
119,House,113,2025-05-01,1,114,246,164,0.162,-0.748,-0.523,-1.245,-56.105,HJRES88,Passed,"Congressional disapproval, of the rule submitted by the EPA relating to “California State Motor Vehicle and Engine Pollution Control Standards; Advanced Clean Cars II; Waiver of Preemption; Notice of Decision”",On Passage,
119,House,114,2025-05-05,1,115,376,5,0.0,0.0,0.0,0.0,0.0,HR530,Passed,ACES Act,"On Motion to Suspend the Rules and Pass, as Amended",
119,House,115,2025-05-05,1,116,349,42,0.941,0.339,0.455,-1.208,-62.374,HR36,Passed,MEGOBARI Act,On Motion to Suspend the Rules and Pass,
119,House,116,2025-05-06,1,117,206,200,0.031,0.115,-0.715,0.095,-0.274,HRES377,Passed,"Providing for consideration of the bill (H.R. 276) Gulf of America Act, and providing for consideration of the bill (H.R. 881) DHS Restrictions on Confucius Institutes and Chinese Entities of Concern Act",On Ordering the Previous Question,
119,House,117,2025-05-06,1,118,213,209,0.031,0.116,-0.715,0.094,-0.275,HRES377,Passed,"Providing for consideration of the bill (H.R. 276) Gulf of America Act, and providing for consideration of the bill (H.R. 881) DHS Restrictions on Confucius Institutes and Chinese Entities of Concern Act",On Agreeing to the Resolution,
119,House,118,2025-05-07,1,119,406,1,0.0,0.0,0.0,0.0,0.0,HR1503,Passed,Stop Forced Organ Harvesting Act,On Motion to Suspend the Rules and Pass,
119,House,119,2025-05-07,1,120,266,153,-0.076,-0.296,-0.451,-1.327,-55.642,HR881,Passed,DHS Restrictions on Confucius Institutes and Chinese Entities of Concern Act,On Passage,
119,House,120,2025-05-08,1,121,203,213,-0.082,-0.997,0.518,-0.325,-8.661,HR276,Failed,Gulf of America Act,On Motion to Recommit,
119,House,121,2025-05-08,1,122,211,206,0.09,0.18,-0.417,0.029,-5.307,HR276,Passed,Gulf of America Act,On Passage,
119,House,122,2025-05-13,1,123,411,1,0.0,0.0,0.0,0.0,0.0,HCONRES30,Passed,Expressing support for local law enforcement officers,On Motion to Suspend the Rules and Agree,
119,House,123,2025-05-13,1,124,362,50,0.463,-0.886,1.054,-1.654,-71.973,HR249,Passed,"To redesignate certain facilities at Paterson Great Falls National Historical Park in honor of Congressman Bill Pascrell, Jr.",On Motion to Suspend the Rules and Pass,
119,House,124,2025-05-14,1,125,382,31,0.632,-0.377,0.519,-1.242,-34.418,HR2215,Passed,Salem Maritime National Historical Park Redesignation and Boundary Study Act,On Motion to Suspend the Rules and Pass,
119,House,125,2025-05-14,1,126,216,204,0.03,0.122,-0.714,0.119,-0.272,HRES405,Passed,"Providing for consideration of the bills (H.R. 2240) Improving Law Enforcement Officer Safety and Wellness Through Data Act, (H.R. 2243) LEOSA Reform Act, and (H.R. 2255) Federal Law Enforcement Officer Service Weapon Purchase Act",On Ordering the Previous Question,
119,House,126,2025-05-14,1,127,216,203,0.03,0.121,-0.714,0.119,-0.271,HRES405,Passed,"Providing for consideration of the bills (H.R. 2240) Improving Law Enforcement Officer Safety and Wellness Through Data Act, (H.R. 2243) LEOSA Reform Act, and (H.R. 2255) Federal Law Enforcement Officer Service Weapon Purchase Act",On Agreeing to the Resolution,
119,House,127,2025-05-14,1,128,229,193,0.135,-0.331,-0.467,-1.21,-28.807,HR2243,Passed,LEOSA Reform Act,On Passage,
119,House,128,2025-05-14,1,129,421,1,0.0,0.0,0.0,0.0,0.0,HRES352,Passed,Calling on elected officials and civil society leaders to counter antisemitism and educate the public on the contributions of the Jewish American community,On Motion to Suspend the Rules and Agree,
119,House,129,2025-05-15,1,130,234,182,-0.052,-0.274,-0.58,-0.974,-31.087,HR2255,Passed,Federal Law Enforcement Officer Service Weapon Purchase Act,On Passage,
119,House,130,2025-05-15,1,131,403,11,0.017,-1.0,-0.128,-1.265,-19.904,HR2240,Passed,Improving Law Enforcement Officer Safety and Wellness Through Data Act,On Passage,
119,House,131,2025-05-19,1,132,334,51,0.603,-0.194,0.317,-0.977,-48.136,HR1263,Passed,Strengthening the Quad Act,On Motion to Suspend the Rules and Pass,
119,House,132,2025-05-19,1,133,386,1,0.0,0.0,0.0,0.0,0.0,HR1286,Passed,Simplifying Forms for Veterans Claims Act,"On Motion to Suspend the Rules and Pass, as Amended",
119,House,133,2025-05-20,1,134,215,207,0.03,0.131,-0.714,0.13,-0.268,HRES426,Passed,Providing for consideration of the joint resolutions S.J. Res. 13 and S.J. Res. 31; and waiving a requirement of clause 6(a) of rule XIII with respect to consideration of certain resolutions reported from the Committee on Rules,On Ordering the Previous Question,
119,House,134,2025-05-20,1,135,210,208,-0.12,0.993,-0.622,-0.686,-5.248,HRES426,Passed,Providing for consideration of the joint resolutions S.J. Res. 13 and S.J. Res. 31; and waiving a requirement of clause 6(a) of rule XIII with respect to consideration of certain resolutions reported from the Committee on Rules,On Agreeing to the Resolution,
119,House,135,2025-05-20,1,136,412,11,0.611,-0.791,0.599,-1.79,-21.615,HR1223,Passed,ANCHOR Act,On Motion to Suspend the Rules and Pass,
119,House,136,2025-05-20,1,137,220,207,0.065,-0.205,-0.662,-0.676,-4.013,SJRES13,Passed,Providing for congressional disapproval of the rule submitted by the Office of the Comptroller of the Currency of the Department of the Treasury relating to the review of applications under the Bank Merger Act,On Passage,
119,House,137,2025-05-21,1,138,211,213,0.03,0.123,0.714,-0.125,-0.269,,Failed,,On Motion to Adjourn,
119,House,138,2025-05-22,1,139,217,211,0.03,0.124,-0.714,0.124,-0.272,HRES436,Passed,Providing for consideration of the bill (H.R. 1) to provide for reconciliation pursuant to title II of H. Con. Res. 14,On Consideration of the Resolution,
119,House,139,2025-05-22,1,140,216,211,0.03,0.124,-0.714,0.124,-0.272,HRES436,Passed,Providing for consideration of the bill (H.R. 1) to provide for reconciliation pursuant to title II of H. Con. Res. 14,On Consideration of the Resolution,
119,House,140,2025-05-22,1,141,213,211,0.03,0.124,-0.714,0.124,-0.271,HRES436,Passed,Providing for consideration of the bill (H.R. 1) to provide for reconciliation pursuant to title II of H. Con. Res. 14,On Ordering the Previous Question,
119,House,141,2025-05-22,1,142,217,212,-0.124,0.992,-0.626,-0.682,-5.423,HRES436,Passed,Providing for consideration of the bill (H.R. 1) to provide for reconciliation pursuant to title II of H. Con. Res. 14,On Agreeing to the Resolution,
119,House,142,2025-05-22,1,143,216,212,0.091,0.133,-0.689,-0.468,-1.627,SJRES31,Passed,Providing for congressional disapproval of the rule submitted by the Environmental Protection Agency relating to “Review of Final Rule Reclassification of Major Sources as Area Sources Under Section 112 of the Clean Air Act”,On Passage,
119,House,143,2025-05-22,1,144,212,216,0.03,0.122,0.714,-0.127,-0.268,HR1,Failed,One Big Beautiful Act,On Motion to Recommit,
119,House,144,2025-05-22,1,145,215,214,-0.159,0.987,-0.576,-0.789,-10.341,HR1,Passed,One Big Beautiful Act,On Passage,
119,House,145,2025-06-03,1,146,396,5,0.0,0.0,0.0,0.0,0.0,HR1642,Passed,Connecting Small Businesses with Career and Technical Education Graduates Act,On Motion to Suspend the Rules and Pass,
119,House,146,2025-06-03,1,147,405,3,0.0,0.0,0.0,0.0,0.0,HR1804,Passed,7(a) Loan Agent Oversight Act,On Motion to Suspend the Rules and Pass,
119,House,147,2025-06-04,1,148,213,206,0.029,0.123,-0.714,0.125,-0.27,HRES458,Passed,Providing for consideration of the bills (H.R. 2483) the SUPPORT for Patients and Communities Reauthorization Act; (H.R. 2931) the Save SBA from Sanctuary Cities Act; (H.R. 2966) the American Entrepreneurs First Act; and (H.R. 2987) the CEASE Act,On Ordering the Previous Question,
119,House,148,2025-06-04,1,149,217,208,0.029,0.124,-0.714,0.125,-0.271,HRES458,Passed,Providing for consideration of the bills (H.R. 2483) the SUPPORT for Patients and Communities Reauthorization Act; (H.R. 2931) the Save SBA from Sanctuary Cities Act; (H.R. 2966) the American Entrepreneurs First Act; and (H.R. 2987) the CEASE Act,On Agreeing to the Resolution,
119,House,149,2025-06-04,1,150,213,213,0.048,0.358,0.618,0.89,-5.687,HR2483,Failed,,On Agreeing to the Amendment,
119,House,150,2025-06-04,1,151,366,57,-0.708,0.706,-0.217,-0.116,-125.011,HR2483,Passed,SUPPORT for Patients and Communities Reauthorization Act,On Passage,
119,House,151,2025-06-05,1,152,202,210,-0.167,-0.986,0.488,-0.447,-10.201,HR2931,Failed,Save SBA from Sanctuary Cities Act,On Motion to Recommit,
119,House,152,2025-06-05,1,153,211,199,0.163,-0.987,-0.32,-0.167,-26.829,HR2931,Passed,Save SBA from Sanctuary Cities Act,On Passage,
119,House,153,2025-06-05,1,154,201,212,0.028,0.136,0.713,-0.148,-0.258,HR2987,Failed,CEASE Act,On Motion to Recommit,
119,House,154,2025-06-05,1,155,214,198,0.081,-0.64,-0.384,-0.279,-12.657,HR2987,Passed,CEASE Act,On Passage,
119,House,155,2025-06-06,1,156,217,190,0.101,-0.517,-0.564,-0.886,-19.846,HR2966,Passed,American Entrepreneurs First Act,On Passage,
119,House,156,2025-06-09,1,157,373,14,-0.911,0.412,-0.324,-0.301,-50.194,HR2035,Passed,American Cargo for American Ships Act,On Motion to Suspend the Rules and Pass,
119,House,157,2025-06-09,1,158,280,113,-0.187,-0.426,-0.292,-0.565,-78.503,HRES488,Passed,"Denouncing the antisemitic terrorist attack in Boulder, Colorado",On Motion to Suspend the Rules and Agree,
119,House,158,2025-06-09,1,159,400,0,0.0,0.0,0.0,0.0,0.0,HRES481,Passed,"Condemning the rise in ideologically motivated attacks on Jewish individuals in the United States, including the recent violent assault in Boulder, Colorado, and reaffirming the House of Representatives commitment to combatting antisemitism and politically motivated violence",On Motion to Suspend the Rules and Agree,
119,House,159,2025-06-10,1,160,213,206,0.028,0.123,-0.714,0.133,-0.264,HRES489,Passed,"Providing for consideration of the bills H.R. 884, H.R. 2056, H.R. 2096, S. 331, and for other purposes",On Ordering the Previous Question,
119,House,160,2025-06-10,1,161,211,206,0.028,0.123,-0.714,0.134,-0.263,HRES489,Passed,"Providing for consideration of the bills H.R. 884, H.R. 2056, H.R. 2096, S. 331, and for other purposes",On Agreeing to the Resolution,
119,House,161,2025-06-10,1,162,235,178,-0.433,0.736,-0.532,-1.19,-52.336,HR2096,Passed,Protecting Our Nation’s Capital Emergency Act,On Passage,
119,House,162,2025-06-10,1,163,266,148,-0.293,0.092,-0.486,-0.895,-56.75,HR884,Passed,To prohibit individuals who are not citizens of the United States from voting in elections in the District of Columbia and to repeal the Local Resident Voting Rights Amendment Act of 2022,On Passage,
119,House,163,2025-06-11,1,164,210,204,0.028,0.121,-0.714,0.132,-0.262,HRES499,Passed,Providing for consideration of the bill (H.R. 4) the Rescissions Act; and for other purposes,On Ordering the Previous Question,
119,House,164,2025-06-11,1,165,213,207,-0.126,0.992,-0.625,-0.689,-5.364,HRES499,Passed,Providing for consideration of the bill (H.R. 4) the Rescissions Act; and for other purposes,On Agreeing to the Resolution,
119,House,165,2025-06-12,1,166,321,104,-0.504,0.725,-0.441,-0.414,-87.687,S331,Passed,HALT Fentanyl Act,On Passage,
119,House,166,2025-06-12,1,167,208,218,0.029,0.126,0.714,-0.135,-0.271,HR4,Failed,Rescissions Act,On Motion to Recommit,
119,House,167,2025-06-12,1,168,214,212,0.106,0.465,-0.366,-0.241,-14.161,HR4,Passed,Rescissions Act,On Passage,
119,House,168,2025-06-12,1,169,206,218,0.029,0.126,0.714,-0.135,-0.271,,Failed,,On Motion to Adjourn,
119,House,169,2025-06-12,1,170,205,215,0.029,0.126,0.714,-0.135,-0.27,HR2056,Failed,District of Columbia Federal Immigration Compliance Act,On Motion to Recommit,
119,House,170,2025-06-12,1,171,224,194,-0.175,0.356,-0.586,-0.988,-17.07,HR2056,Passed,District of Columbia Federal Immigration Compliance Act,On Passage,
119,House,171,2025-06-23,1,172,392,14,-0.924,0.383,-0.613,-1.165,-33.257,HR1998,Passed,Sanction Sea Pirates Act,"On Motion to Suspend the Rules and Pass, as Amended",
119,House,172,2025-06-23,1,173,397,12,-0.265,-0.818,-0.225,-1.653,-9.567,HR3394,Passed,Fair Investment Opportunities for Professional Experts Act,"On Motion to Suspend the Rules and Pass, as Amended",
119,House,173,2025-06-23,1,174,321,87,0.345,-0.335,0.388,-1.44,-62.756,HR3422,Passed,Promoting Opportunities for Non-Traditional Capital Formation Act,"On Motion to Suspend the Rules and Pass, as Amended",
119,House,174,2025-06-24,1,175,344,79,-0.135,-0.991,-0.33,-0.632,-85.624,HRES537,Passed,"Impeaching Donald J. Trump, President of the United States, for high crimes and misdemeanors",On Motion to Table,
119,House,175,2025-06-24,1,176,219,208,0.028,0.127,-0.714,0.141,-0.27,HRES530,Passed,"Providing for consideration of the bills H.R. 3944, H.R. 275, H.R. 875, and providing for consideration of the resolution H.Res. 516",On Ordering the Previous Question,
119,House,176,2025-06-24,1,177,217,206,0.028,0.127,-0.714,0.141,-0.269,HRES530,Passed,"Providing for consideration of the bills H.R. 3944, H.R. 275, H.R. 875, and providing for consideration of the resolution H.Res. 516",On Agreeing to the Resolution,
119,House,177,2025-06-24,1,178,191,213,-0.092,0.046,0.29,0.061,-29.573,,Failed,,On Motion to Adjourn,
119,House,178,2025-06-25,1,179,424,0,0.0,0.0,0.0,0.0,0.0,HRES519,Passed,"Condemning the attacks on Minnesota lawmakers in Brooklyn Park and Champlin, Minnesota, and calling for unity and the rejection of political violence in Minnesota and across the United States","On Motion to Suspend the Rules and Agree, as Amended",
119,House,179,2025-06-25,1,180,219,206,0.053,-0.999,-0.304,-0.09,-30.785,HR3944,Agreed to,,On Agreeing to the Amendment,
119,House,180,2025-06-25,1,181,208,216,0.028,0.132,0.714,-0.147,-0.269,HR3944,Failed,"Military Construction, Veterans Affairs, and Related Agencies Appropriations Act, 2026",On Motion to Recommit,
119,House,181,2025-06-25,1,182,218,206,-0.069,0.301,-0.7,-0.346,-3.037,HR3944,Passed,"Military Construction, Veterans Affairs, and Related Agencies Appropriations Act, 2026",On Passage,
119,House,182,2025-06-26,1,183,246,160,-0.17,-0.725,-0.704,-0.4,-53.892,HR875,Passed,Jeremy and Angel Seay and Sergeant Brandon Mendoza Protect Our Communities from DUIs Act,On Passage,
119,House,183,2025-06-26,1,184,231,182,-0.255,0.512,-0.685,-0.498,-38.408,HR275,Passed,Special Interest Alien Reporting Act,On Passage,
119,House,184,2025-06-27,1,185,215,195,-0.154,0.379,-0.602,-0.924,-9.514,HRES516,Passed,"Condemning the violent June 2025 riots in Los Angeles, California",On Agreeing to the Resolution,
119,House,185,2025-07-02,1,186,212,211,0.029,0.127,-0.714,0.145,-0.267,HRES566,Passed,Providing for consideration of the Senate amendment to the bill (H.R. 1) to provide for reconciliation pursuant to title II of H. Con. Res. 14,On Consideration of the Resolution,
119,House,186,2025-07-02,1,187,214,212,0.028,0.128,-0.714,0.143,-0.27,HRES566,Passed,Providing for consideration of the Senate amendment to the bill (H.R. 1) to provide for reconciliation pursuant to title II of H. Con. Res. 14,On Ordering the Previous Question,
119,House,187,2025-07-02,1,188,220,212,0.028,0.128,-0.714,0.143,-0.27,HRES566,Agreed to,,On Agreeing to the Amendment,
119,House,188,2025-07-03,1,189,219,213,0.091,0.138,-0.689,-0.468,-1.628,HRES566,Passed,Providing for consideration of the Senate amendment to the bill (H.R. 1) to provide for reconciliation pursuant to title II of H. Con. Res. 14,"On Agreeing to the Resolution, as Amended",
119,House,189,2025-07-03,1,190,218,214,-0.097,0.944,-0.635,-0.746,-6.064,HR1,Passed,One Big Beautiful Bill Act,On Motion to Concur in the Senate Amendment,
119,House,190,2025-07-14,1,191,360,10,-0.217,-0.976,0.039,-1.098,-34.274,HR1709,Passed,Understanding Cybersecurity of Mobile Networks Act,On Motion to Suspend the Rules and Pass,
119,House,191,2025-07-14,1,192,336,36,0.792,0.313,0.272,-0.185,-68.68,HR1770,Passed,Consumer Safety Technology Act,On Motion to Suspend the Rules and Pass,
119,House,192,2025-07-14,1,193,372,0,0.0,0.0,0.0,0.0,0.0,S1596,Passed,Jocelyn Nungaray National Wildlife Refuge Act,On Motion to Suspend the Rules and Pass,
119,House,193,2025-07-15,1,194,211,210,0.028,0.129,-0.714,0.143,-0.27,HRES580,Passed,"Providing for consideration of the bills (H.R. 4016) Department of Defense Appropriations Act, 2026; (H.R. 3633) CLARITY Act; (H.R. 1919) Anti-CBDC Surveillance State Act; and (S. 1582) GENIUS Act",On Ordering the Previous Question,
119,House,194,2025-07-15,1,195,196,223,-0.263,0.965,-0.463,-1.059,-42.249,HRES580,Failed,"Providing for consideration of the bills (H.R. 4016) Department of Defense Appropriations Act, 2026; (H.R. 3633) CLARITY Act; (H.R. 1919) Anti-CBDC Surveillance State Act; and (S. 1582) GENIUS Act",On Agreeing to the Resolution,
119,House,195,2025-07-15,1,196,380,33,0.723,-0.161,0.597,-1.748,-42.743,HR1717,Passed,Communications Security Act,On Motion to Suspend the Rules and Pass,
119,House,196,2025-07-16,1,197,215,211,0.028,0.128,-0.714,0.142,-0.268,HRES580,Passed,"Providing for consideration of the bills (H.R. 4016) Department of Defense Appropriations Act, 2026; (H.R. 3633) CLARITY Act; (H.R. 1919) Anti-CBDC Surveillance State Act; and (S. 1582) GENIUS Act",On Motion to Reconsider,
119,House,197,2025-07-16,1,198,217,212,-0.133,0.991,-0.563,-0.627,-6.4,HRES580,Passed,"Providing for consideration of the bills (H.R. 4016) Department of Defense Appropriations Act, 2026; (H.R. 3633) CLARITY Act; (H.R. 1919) Anti-CBDC Surveillance State Act; and (S. 1582) GENIUS Act",On Agreeing to the Resolution,
119,House,198,2025-07-17,1,199,294,134,0.098,-0.995,-0.351,-0.814,-96.097,HR3633,Passed,CLARITY Act,On Passage,
119,House,199,2025-07-17,1,200,308,122,-0.588,0.809,-0.264,-0.396,-143.809,S1582,Passed,GENIUS Act,On Passage,
119,House,200,2025-07-17,1,201,219,210,-0.031,0.59,-0.384,-0.01,-10.009,HR1919,Passed,Anti-CBDC Surveillance State Act,On Passage,
119,House,201,2025-07-17,1,202,218,211,0.028,0.13,-0.714,0.146,-0.269,HRES590,Passed,"Relating to consideration of the Senate amendment to the bill (H.R. 4) to rescind certain budget authority proposed to be rescinded in special messages transmitted to the Congress by the President on June 3, 2025, in accordance with section 1012(a) of the Congressional Budget and Impoundment Control Act of 1974",On Ordering the Previous Question,
119,House,202,2025-07-18,1,203,216,213,0.153,-0.116,-0.717,-0.237,-5.457,HRES590,Passed,"Relating to consideration of the Senate amendment to the bill (H.R. 4) to rescind certain budget authority proposed to be rescinded in special messages transmitted to the Congress by the President on June 3, 2025, in accordance with section 1012(a) of the Congressional Budget and Impoundment Control Act of 1974",On Agreeing to the Resolution,
119,House,203,2025-07-18,1,204,63,365,0.346,-0.544,-0.413,1.405,-52.131,HR4016,Failed,,On Agreeing to the Amendment,
119,House,204,2025-07-18,1,205,6,421,0.0,0.0,0.0,0.0,0.0,HR4016,Failed,,On Agreeing to the Amendment,
119,House,205,2025-07-18,1,206,104,326,0.167,-0.88,-0.247,0.559,-99.88,HR4016,Failed,,On Agreeing to the Amendment,
119,House,206,2025-07-18,1,207,6,422,0.0,0.0,0.0,0.0,0.0,HR4016,Failed,,On Agreeing to the Amendment,
119,House,207,2025-07-18,1,208,30,400,0.362,-0.653,-0.306,1.587,-38.329,HR4016,Failed,,On Agreeing to the Amendment,
119,House,208,2025-07-18,1,209,76,353,0.04,-0.858,-0.34,1.327,-82.415,HR4016,Failed,,On Agreeing to the Amendment,
119,House,209,2025-07-18,1,210,76,355,0.103,-0.7,-0.266,1.148,-83.628,HR4016,Failed,,On Agreeing to the Amendment,
119,House,210,2025-07-18,1,211,211,219,0.028,0.13,0.714,-0.146,-0.269,HR4016,Failed,"Department of Defense Appropriations Act, 2026",On Motion to Recommit,
119,House,211,2025-07-18,1,212,221,209,-0.207,0.627,-0.521,-1.174,-17.491,HR4016,Passed,"Department of Defense Appropriations Act, 2026",On Passage,
119,House,212,2025-07-21,1,213,278,121,0.178,-0.98,-0.211,-0.573,-104.71,HR3095,Passed,"To direct the United States Postal Service to designate single, unique ZIP Codes for certain communities, and for other purposes","On Motion to Suspend the Rules and Pass, as Amended",
119,House,213,2025-07-21,1,214,387,12,-0.437,-0.899,-0.053,-1.878,-30.024,HR3351,Passed,Improving Access to Small Business Information Act,"On Motion to Suspend the Rules and Pass, as Amended",
119,House,214,2025-07-22,1,215,410,1,0.0,0.0,0.0,0.0,0.0,HR3937,Passed,Wabeno Economic Development Act,"On Motion to Suspend the Rules and Pass, as Amended",
119,House,215,2025-07-22,1,216,360,57,0.611,-0.792,0.953,-0.331,-60.786,HR1917,Passed,Great Lakes Mass Marking Program Act,"On Motion to Suspend the Rules and Pass, as Amended",
119,House,216,2025-07-23,1,217,381,31,0.47,-0.648,0.584,-1.799,-42.111,HR3357,Passed,Enhancing Multi-Class Share Disclosures Act,"On Motion to Suspend the Rules and Pass, as Amended",
119,House,217,2025-07-23,1,218,399,12,0.561,-0.659,0.35,-1.543,-15.467,HR4275,Passed,Coast Guard Authorization Act,"On Motion to Suspend the Rules and Pass, as Amended",
119,House,218,2025-09-02,1,219,395,20,-0.358,-0.67,-0.338,-1.53,-21.031,HR4216,Passed,Made-in-America Defense Act,"On Motion to Suspend the Rules and Pass, as Amended",
119,House,219,2025-09-02,1,220,407,4,0.0,0.0,0.0,0.0,0.0,HR747,Passed,Stop Chinese Fentanyl Act,"On Motion to Suspend the Rules and Pass, as Amended",
119,House,220,2025-09-03,1,221,212,209,0.028,0.129,-0.714,0.147,-0.269,HRES672,Passed,"Providing for consideration of the bill H.R. 4553 the Energy and Water Development and Related Agencies Appropriations Act, 2026; providing for consideration of the joint resolutions H.J. Res. 104, H.J. Res. 105, and H.J. Res. 106; and for other purposes",On Ordering the Previous Question,
119,House,221,2025-09-03,1,222,212,208,0.027,0.119,-0.714,0.15,-0.26,HRES672,Passed,"Providing for consideration of the bill H.R. 4553 the Energy and Water Development and Related Agencies Appropriations Act, 2026; providing for consideration of the joint resolutions H.J. Res. 104, H.J. Res. 105, and H.J. Res. 106; and for other purposes",On Agreeing to the Resolution,
119,House,222,2025-09-03,1,223,215,207,-0.036,-0.679,0.694,-0.794,-14.792,HRES539,Passed,Censuring Representative LaMonica McIver and removing her from the Committee on Homeland Security.,On Motion to Table,
119,House,223,2025-09-03,1,224,211,208,0.092,0.135,-0.689,-0.463,-1.612,HJRES104,Passed,"Providing for congressional disapproval under chapter 8 of title 5, United States Code, of the rule submitted by the Bureau of Land Management relating to “Miles City Field Office Record of Decision and Approved Resource Management Plan Amendment”",On Passage,
119,House,224,2025-09-03,1,225,215,210,0.091,0.135,-0.689,-0.463,-1.627,HJRES106,Passed,"Providing for congressional disapproval under chapter 8 of title 5, United States Code, of the rule submitted by the Bureau of Land Management relating to “Central Yukon Record of Decision and Approved Resource Management Plan”",On Passage,
119,House,225,2025-09-03,1,226,215,211,0.091,0.135,-0.689,-0.463,-1.627,HJRES105,Passed,"Providing for congressional disapproval under chapter 8 of title 5, United States Code, of the rule submitted by the Bureau of Land Management relating to “North Dakota Field Office Record of Decision and Approved Resource Management Plan”",On Passage,
119,House,226,2025-09-03,1,227,195,235,0.284,-0.042,-0.285,-0.161,-52.071,HR4553,Failed,,On Agreeing to the Amendment,
119,House,227,2025-09-03,1,228,143,285,0.088,-0.996,-0.442,0.758,-81.633,HR4553,Failed,,On Agreeing to the Amendment,
119,House,228,2025-09-03,1,229,77,347,0.197,-0.702,-0.243,0.808,-81.001,HR4553,Failed,,On Agreeing to the Amendment,
119,House,229,2025-09-03,1,230,140,286,0.178,-0.597,-0.304,0.623,-84.293,HR4553,Failed,,On Agreeing to the Amendment,
119,House,230,2025-09-03,1,231,120,306,0.122,-0.821,-0.227,0.514,-105.066,HR4553,Failed,,On Agreeing to the Amendment,
119,House,231,2025-09-03,1,232,124,303,0.249,-0.969,-0.308,0.38,-94.224,HR4553,Failed,,On Agreeing to the Amendment,
119,House,232,2025-09-03,1,233,127,299,0.226,-0.699,-0.248,0.428,-94.859,HR4553,Failed,,On Agreeing to the Amendment,
119,House,233,2025-09-03,1,234,120,307,0.107,-0.994,-0.263,0.522,-101.097,HR4553,Failed,,On Agreeing to the Amendment,
119,House,234,2025-09-04,1,235,120,302,0.274,-0.955,-0.35,0.421,-88.576,HR4553,Failed,,On Agreeing to the Amendment,
119,House,235,2025-09-04,1,236,127,297,0.462,0.035,-0.276,0.318,-82.3,HR4553,Failed,,On Agreeing to the Amendment,
119,House,236,2025-09-04,1,237,76,351,-0.055,-0.998,-0.255,1.003,-95.591,HR4553,Failed,,On Agreeing to the Amendment,
119,House,237,2025-09-04,1,238,209,218,0.028,0.129,0.714,-0.147,-0.269,HR4553,Failed,"Energy and Water Development and Related Agencies Appropriations Act, 2026",On Motion to Recommit,
119,House,238,2025-09-04,1,239,214,213,-0.163,0.987,-0.583,-0.909,-14.3,HR4553,Passed,"Energy and Water Development and Related Agencies Appropriations Act, 2026",On Passage,
119,House,239,2025-09-08,1,240,397,1,0.0,0.0,0.0,0.0,0.0,HR3424,Passed,SPACE Act,On Motion to Suspend the Rules and Pass,
119,House,240,2025-09-08,1,241,402,0,0.0,0.0,0.0,0.0,0.0,HR3425,Passed,POST Act,"On Motion to Suspend the Rules and Pass, as Amended",
119,House,241,2025-09-09,1,242,213,207,0.028,0.129,-0.714,0.148,-0.269,HRES682,Passed,"Providing for consideration of the bill (H.R. 3838) Streamlining Procurement for Effective Execution and Delivery and National Defense Authorization Act for FY 2026, and providing for consideration of the bill (H.R. 3486) Stop Illegal Entry Act, and for other purposes",On Ordering the Previous Question,
119,House,242,2025-09-09,1,243,210,207,-0.03,-0.848,-0.668,0.377,-5.68,HRES682,Passed,"Providing for consideration of the bill (H.R. 3838) Streamlining Procurement for Effective Execution and Delivery and National Defense Authorization Act for FY 2026, and providing for consideration of the bill (H.R. 3486) Stop Illegal Entry Act, and for other purposes",On Agreeing to the Resolution,
119,House,243,2025-09-10,1,244,261,167,-0.299,0.954,0.271,0.903,-106.109,HR3838,Agreed to,,On Agreeing to the Amendment,
119,House,244,2025-09-10,1,245,221,210,0.035,0.07,-0.534,-1.147,-8.819,HR3838,Agreed to,,On Agreeing to the Amendment,
119,House,245,2025-09-10,1,246,221,207,0.385,-0.923,-0.551,-0.962,-23.55,HR3838,Agreed to,,On Agreeing to the Amendment,
119,House,246,2025-09-10,1,247,227,201,-0.181,0.388,-0.628,-0.816,-15.788,HR3838,Agreed to,,On Agreeing to the Amendment,
119,House,247,2025-09-10,1,248,221,210,0.035,0.07,-0.534,-1.147,-8.817,HR3838,Agreed to,,On Agreeing to the Amendment,
119,House,248,2025-09-10,1,249,219,209,0.012,0.14,-0.555,-1.088,-6.996,HR3838,Agreed to,,On Agreeing to the Amendment,
119,House,249,2025-09-10,1,250,209,224,0.32,-0.947,-0.272,-0.207,-54.619,HR3838,Failed,,On Agreeing to the Amendment,
119,House,250,2025-09-10,1,251,224,208,-0.005,0.149,-0.533,-1.241,-16.008,HR3838,Agreed to,,On Agreeing to the Amendment,
119,House,251,2025-09-10,1,252,228,205,-0.284,0.959,-0.475,-0.592,-25.134,HR3838,Agreed to,,On Agreeing to the Amendment,
119,House,252,2025-09-10,1,253,222,210,-0.071,0.402,-0.307,-0.436,-19.323,HR3838,Agreed to,,On Agreeing to the Amendment,
119,House,253,2025-09-10,1,254,194,236,0.289,-0.637,-0.196,-0.099,-85.95,HR3838,Failed,,On Agreeing to the Amendment,
119,House,254,2025-09-10,1,255,60,372,0.015,-0.907,-0.333,1.49,-75.742,HR3838,Failed,,On Agreeing to the Amendment,
119,House,255,2025-09-10,1,256,60,370,0.171,-0.698,-0.263,1.168,-68.178,HR3838,Failed,,On Agreeing to the Amendment,
119,House,256,2025-09-10,1,257,9,422,0.0,0.0,0.0,0.0,0.0,HR3838,Failed,,On Agreeing to the Amendment,
119,House,257,2025-09-10,1,258,219,211,-0.067,-0.24,-0.604,0.928,-8.095,HR3838,Agreed to,,On Agreeing to the Amendment,
119,House,258,2025-09-10,1,259,200,228,0.519,-0.855,-0.5,-0.786,-44.015,HR3838,Failed,,On Agreeing to the Amendment,
119,House,259,2025-09-10,1,260,430,3,0.0,0.0,0.0,0.0,0.0,HR3838,Agreed to,,On Agreeing to the Amendment,
119,House,260,2025-09-10,1,261,208,219,-0.068,-0.154,0.713,-0.404,-4.281,HR3838,Failed,Streamlining Procurement for Effective Execution and Delivery and National Defense Authorization Act for Fiscal Year 2026,On Motion to Recommit,
119,House,261,2025-09-10,1,262,231,196,-0.387,0.846,-0.604,-1.237,-42.78,HR3838,Passed,Streamlining Procurement for Effective Execution and Delivery and National Defense Authorization Act for Fiscal Year 2026,On Passage,
119,House,262,2025-09-11,1,263,211,213,0.088,0.801,1.066,0.214,-8.008,HR3944,Failed,"Military Construction, Veterans Affairs, and Related Agencies Appropriations Act, 2026",On Motion to Instruct Conferees,
119,House,263,2025-09-11,1,264,226,197,-0.104,0.18,-0.535,-1.142,-16.168,HR3486,Passed,Stop Illegal Entry Act,On Passage,
119,House,264,2025-09-15,1,265,200,198,-0.101,0.995,-0.779,-0.9,-9.568,HJRES117,Passed,"Relating to a national emergency by the President on July 30, 2025",On Motion to Table the Motion to Discharge Committee,
119,House,265,2025-09-15,1,266,371,21,0.888,0.46,0.906,-0.886,-29.296,HR3400,Passed,TRAVEL Act,"On Motion to Suspend the Rules and Pass, as Amended",
119,House,266,2025-09-16,1,267,213,207,0.028,0.129,-0.714,0.15,-0.269,HRES707,Passed,"Providing for consideration of the bills H.R. 4922, H.R. 5143, H.R. 5140, H.R. 5125, H.R. 1047, H.R. 3015, and H.R. 3062; and for other purposes",On Ordering the Previous Question,
119,House,267,2025-09-16,1,268,213,211,-0.067,0.998,-0.422,-0.42,-14.479,HRES707,Passed,"Providing for consideration of the bills H.R. 4922, H.R. 5143, H.R. 5140, H.R. 5125, H.R. 1047, H.R. 3015, and H.R. 3062; and for other purposes",On Agreeing to the Resolution,
119,House,268,2025-09-16,1,269,413,0,0.0,0.0,0.0,0.0,0.0,HR2721,Passed,Honoring our Heroes Act,"On Motion to Suspend the Rules and Pass, as Amended",
119,House,269,2025-09-16,1,270,240,179,-0.398,0.917,-0.537,-0.687,-52.122,HR4922,Passed,DC CRIMES Act,On Passage,
119,House,270,2025-09-16,1,271,225,203,-0.277,0.849,-0.611,-0.9,-16.84,HR5140,Passed,To lower the age at which a minor may be tried as an adult for certain criminal offenses in the District of Columbia to 14 years of age,On Passage,
119,House,271,2025-09-17,1,272,213,207,0.028,0.128,-0.714,0.149,-0.268,HRES722,Passed,"Providing for consideration of the bill (H.R. 5371) Continuing Appropriations and Extensions Act, 2026; providing for consideration of the resolution (H. Res. 719) honoring the life and legacy of Charles “Charlie” James Kirk; and for other purposes",On Ordering the Previous Question,
119,House,272,2025-09-17,1,273,216,210,0.028,0.128,-0.714,0.149,-0.268,HRES722,Passed,"Providing for consideration of the bill (H.R. 5371) Continuing Appropriations and Extensions Act, 2026; providing for consideration of the resolution (H. Res. 719) honoring the life and legacy of Charles “Charlie” James Kirk; and for other purposes",On Agreeing to the Resolution,
119,House,273,2025-09-17,1,274,218,211,0.028,0.13,-0.714,0.151,-0.269,HR5125,Passed,District of Columbia Judicial Nominations Reform Act,On Passage,
119,House,274,2025-09-17,1,275,245,182,-0.244,0.237,-0.642,-0.74,-36.389,HR5143,Passed,District of Columbia Policing Protection Act,On Passage,
119,House,275,2025-09-17,1,276,214,213,-0.014,0.955,0.301,0.199,-24.29,HRES713,Passed,Censuring Representative Ilhan Omar of Minnesota and removing her from the Committee on Education and Workforce and the Committee on the Budget,On Motion to Table,
119,House,276,2025-09-18,1,277,224,203,0.012,-0.038,-0.54,-1.148,-16.486,HR3062,Passed,Promoting Cross-border Energy Infrastructure Act,On Passage,
119,House,277,2025-09-18,1,278,217,209,0.122,-0.013,-0.533,-1.328,-16.65,HR3015,Passed,National Coal Council Reestablishment Act,On Passage,
119,House,278,2025-09-18,1,279,216,206,-0.027,0.139,-0.542,-1.099,-11.927,HR1047,Passed,GRID Power Act,On Passage,
119,House,279,2025-09-19,1,280,210,218,0.028,0.13,0.714,-0.15,-0.27,HR5371,Failed,"Continuing Appropriations and Extensions Act, 2026",On Motion to Recommit,
119,House,280,2025-09-19,1,281,217,212,-0.197,0.98,-0.629,-0.904,-10.863,HR5371,Passed,"Continuing Appropriations and Extensions Act, 2026",On Passage,
119,House,281,2025-09-19,1,282,310,58,-0.462,0.887,-0.392,-0.089,-71.547,HRES719,Passed,Honoring the life and legacy of Charles “Charlie” James Kirk,On Agreeing to the Resolution,
119,House,282,2025-11-12,1,283,216,213,0.028,0.13,-0.714,0.151,-0.27,HRES873,Passed,"Providing for consideration of the Senate amendment to the bill (H.R. 5371) making continuing appropriations and extensions for fiscal year 2026, and for other purposes",On Ordering the Previous Question,
119,House,283,2025-11-12,1,284,213,209,0.028,0.131,-0.714,0.151,-0.269,HRES873,Passed,"Providing for consideration of the Senate amendment to the bill (H.R. 5371) making continuing appropriations and extensions for fiscal year 2026, and for other purposes",On Agreeing to the Resolution,
119,House,284,2025-11-12,1,285,222,209,-0.26,0.787,-0.558,-1.048,-17.106,HR5371,Passed,"Continuing Appropriations and Extensions Act, 2026",On Motion to Concur in the Senate Amendment,
119,House,285,2025-11-17,1,286,400,15,0.364,-0.883,0.325,-1.573,-23.808,HR1608,Passed,Department of Homeland Security Vehicular Terrorism Prevention and Mitigation Act,"On Motion to Suspend the Rules and Pass, as Amended",
119,House,286,2025-11-17,1,287,402,8,0.0,0.0,0.0,0.0,0.0,HR2659,Passed,Strengthening Cyber Resilience Against State-Sponsored Threats Act,On Motion to Suspend the Rules and Pass,
119,House,287,2025-11-17,1,288,206,211,-0.069,0.301,0.695,0.396,-2.96,HRES878,Failed,Disapproving the behavior of Representative Jesus G. “Chuy” Garcia of Illinois,On Motion to Table,
119,House,288,2025-11-18,1,289,427,1,0.0,0.0,0.0,0.0,0.0,HR4405,Passed,Epstein Files Transparency Act,On Motion to Suspend the Rules and Pass,
119,House,289,2025-11-18,1,290,217,211,0.028,0.131,-0.713,0.153,-0.269,HRES879,Passed,"Providing for consideration of the joint resolutions S.J. Res. 80, H.J. Res. 130, and H.J. Res. 131; providing for consideration of the concurrent resolution H. Con. Res. 58; providing for consideration of the bills H.R. 1949, H.R. 3109, H.R. 5107, and H.R. 5214; and for other purposes",On Ordering the Previous Question,
119,House,290,2025-11-18,1,291,217,210,-0.001,-0.005,-0.344,-0.0,-8.339,HRES879,Passed,"Providing for consideration of the joint resolutions S.J. Res. 80, H.J. Res. 130, and H.J. Res. 131; providing for consideration of the concurrent resolution H. Con. Res. 58; providing for consideration of the bills H.R. 1949, H.R. 3109, H.R. 5107, and H.R. 5214; and for other purposes",On Agreeing to the Resolution,
119,House,291,2025-11-18,1,292,236,183,-0.132,-0.633,-0.417,-0.199,-46.05,HRES878,Passed,Disapproving the behavior of Representative Jesus G. “Chuy” Garcia of Illinois,On Agreeing to the Resolution,
119,House,292,2025-11-18,1,293,213,214,-0.044,0.999,0.37,0.266,-13.422,HRES888,Failed,Censuring and condemning Delegate Stacey Plaskett and removing her from the House Permanent Select Committee on Intelligence for conduct that reflects discreditably on the House of Representatives for colluding with convicted felony sex offender Jeffrey Epstein during a congressional hearing,On Motion to Refer,
119,House,293,2025-11-18,1,294,214,212,0.09,0.138,-0.689,-0.461,-1.626,HJRES130,Passed,"Providing for congressional disapproval under chapter 8 of title 5, United States Code, of the rule submitted by the Bureau of Land Management relating to “Buffalo Field Office Record of Decision and Approved Resource Management Plan Amendment”",On Passage,
119,House,294,2025-11-18,1,295,217,209,0.173,-0.281,-0.571,-1.077,-9.815,HJRES131,Passed,"Providing for congressional disapproval under chapter 8 of title 5, United States Code, of the rule submitted by the Bureau of Land Management relating to “Coastal Plain Oil and Gas Leasing Program Record of Decision”",On Passage,
119,House,295,2025-11-18,1,296,216,209,0.173,-0.281,-0.571,-1.077,-9.815,SJRES80,Passed,"Providing for congressional disapproval under chapter 8 of title 5, United States Code, of the rule submitted by the Bureau of Land Management relating to “National Petroleum Reserve in Alaska Integrated Activity Plan Record of Decision",On Passage,
119,House,296,2025-11-18,1,297,209,214,-0.005,1.0,-0.349,-0.214,-16.411,HRES888,Failed,Censuring and condemning Delegate Stacey Plaskett and removing her from the House Permanent Select Committee on Intelligence for conduct that reflects discreditably on the House of Representatives for colluding with convicted felony sex offender Jeffrey Epstein during a congressional hearing,On Agreeing to the Resolution,
119,House,297,2025-11-19,1,298,237,179,-0.234,0.224,-0.609,-0.882,-29.409,HR5214,Passed,District of Columbia Cash Bail Reform Act,On Passage,
119,House,298,2025-11-19,1,299,233,190,-0.206,0.231,-0.656,-0.656,-27.558,HR5107,Passed,CLEAN DC Act,On Passage,
119,House,299,2025-11-19,1,300,380,45,0.476,-0.629,0.256,-0.647,-58.022,HR4058,Passed,Enhancing Stakeholder Support and Outreach for Preparedness Grants Act,On Motion to Suspend the Rules and Pass,
119,House,300,2025-11-19,1,301,426,0,0.0,0.0,0.0,0.0,0.0,HR6019,Passed,"To repeal certain provisions relating to notification to Senate offices regarding legal process on disclosure of Senate data, and for other purposes",On Motion to Suspend the Rules and Pass,
119,House,301,2025-11-19,1,302,310,103,-0.296,0.955,-0.155,0.093,-162.043,HRES893,Passed,Censuring Representative Cory Mills and Removing Him From the Committee on Armed Services and the Committee on Foreign Affairs,On Motion to Refer,
119,House,302,2025-11-20,1,303,230,176,0.101,-0.284,-0.427,-1.345,-38.036,HR3109,Passed,REFINER Act,On Passage,
119,House,303,2025-11-20,1,304,217,188,0.227,-0.513,-0.509,-1.205,-25.916,HR1949,Passed,Unlocking our Domestic LNG Potential Act,On Passage,
119,House,304,2025-11-21,1,305,285,98,-0.303,-0.257,-0.411,-0.62,-62.816,HCONRES58,Passed,Denouncing the horrors of socialism,On Agreeing to the Resolution,
119,House,305,2025-12-01,1,306,386,0,0.0,0.0,0.0,0.0,0.0,HR5348,Passed,Social Security Child Protection Act,"On Motion to Suspend the Rules and Pass, as Amended",
119,House,306,2025-12-01,1,307,385,0,0.0,0.0,0.0,0.0,0.0,HR4423,Passed,No New Burma Funds Act,"On Motion to Suspend the Rules and Pass, as Amended",
119,House,307,2025-12-02,1,308,210,205,0.028,0.132,-0.713,0.153,-0.268,HRES916,Passed,Providing for consideration of the bills (H.R. 4312) SCORE Act; (H.R. 1005) CLASS Act; (H.R. 1049) Transparency in Reporting of Adversarial Contributions to Education Act; (H.R. 1069) PROTECT Our Kids Act; (H.R. 2965) Small Business Regulatory Reduction Act; and (H.R. 4305) DUMP Red Tape Act,On Ordering the Previous Question,
119,House,308,2025-12-02,1,309,210,209,-0.179,0.984,-0.523,-0.801,-14.994,HRES916,Passed,Providing for consideration of the bills (H.R. 4312) SCORE Act; (H.R. 1005) CLASS Act; (H.R. 1049) Transparency in Reporting of Adversarial Contributions to Education Act; (H.R. 1069) PROTECT Our Kids Act; (H.R. 2965) Small Business Regulatory Reduction Act; and (H.R. 4305) DUMP Red Tape Act,On Agreeing to the Resolution,
119,House,309,2025-12-03,1,310,223,190,-0.162,0.208,-0.578,-0.998,-23.119,HR2965,Passed,Small Business Regulatory Reduction Act,On Passage,
119,House,310,2025-12-03,1,311,269,146,-0.302,0.085,-0.529,-0.588,-61.93,HR4305,Passed,DUMP Red Tape Act,On Passage,
119,House,311,2025-12-03,1,312,242,176,-0.225,0.149,-0.605,-0.918,-38.748,HR1005,Passed,CLASS Act,On Passage,
119,House,312,2025-12-04,1,313,247,164,-0.233,0.147,-0.586,-0.975,-37.073,HR1069,Passed,PROTECT Our Kids Act,On Passage,
119,House,313,2025-12-04,1,314,247,166,-0.012,-0.424,-0.562,-1.163,-46.997,HR1049,Passed,TRACE Act,On Passage,
119,House,314,2025-12-09,1,315,399,5,0.0,0.0,0.0,0.0,0.0,S356,Passed,Secure Rural Schools Reauthorization Act,On Motion to Suspend the Rules and Pass,
119,House,315,2025-12-09,1,316,400,0,0.0,0.0,0.0,0.0,0.0,HR1676,Passed,Make SWAPs Efficient Act,"On Motion to Suspend the Rules and Pass, as Amended",
119,House,316,2025-12-10,1,317,216,210,0.028,0.131,-0.713,0.155,-0.268,HRES936,Passed,"Providing for consideration of the bills H.R. 3898, H.R. 3383, H.R. 3638, H.R. 3628, H.R. 3668, and S. 1071; and for other purposes",On Ordering the Previous Question,
119,House,317,2025-12-10,1,318,215,211,-0.122,0.992,-0.627,-0.682,-5.405,HRES936,Passed,"Providing for consideration of the bills H.R. 3898, H.R. 3383, H.R. 3638, H.R. 3628, H.R. 3668, and S. 1071; and for other purposes",On Agreeing to the Resolution,
119,House,318,2025-12-10,1,319,209,216,0.028,0.13,0.713,-0.153,-0.267,S1071,Failed,"To require the Secretary of Veterans Affairs to disinter the remains of Fernando V. Cota from Fort Sam Houston National Cemetery, Texas, and for other purposes",On Motion to Commit,
119,House,319,2025-12-10,1,320,312,112,0.326,-0.34,-0.096,-1.548,-126.724,S1071,Passed,"To require the Secretary of Veterans Affairs to disinter the remains of Fernando V. Cota from Fort Sam Houston National Cemetery, Texas, and for other purposes",On Passage,
119,House,320,2025-12-10,1,321,222,200,0.274,0.03,0.638,0.762,-16.603,HRES432,Passed,"Providing for consideration of the bill (H.R. 2550) to nullify the Executive Order relating to Exclusions from Federal Labor-Management Relations Programs, and for other purposes",On Motion to Discharge,
119,House,321,2025-12-11,1,322,237,140,-0.061,-0.44,-0.57,-0.935,-30.369,HRES939,Passed,"Impeaching Donald John Trump, President of the United States for high crimes and misdemeanors",On Motion to Table,
119,House,322,2025-12-11,1,323,218,207,-0.02,0.215,-0.292,-0.385,-18.43,HR3628,Passed,State Planning for Reliability and Affordability Act,On Passage,
119,House,323,2025-12-11,1,324,267,159,-0.008,-1.0,-0.448,-0.617,-75.655,HR3638,Passed,Electric Supply Chain Act,On Passage,
119,House,324,2025-12-11,1,325,54,374,0.354,-0.618,-0.16,0.601,-82.337,HR3383,Failed,,On Agreeing to the Amendment,
119,House,325,2025-12-11,1,326,211,219,-0.028,1.0,0.25,0.065,-44.774,HR3383,Failed,,On Agreeing to the Amendment,
119,House,326,2025-12-11,1,327,214,215,-0.179,0.984,0.51,0.682,-13.449,HR3383,Failed,,On Agreeing to the Amendment,
119,House,327,2025-12-11,1,328,302,123,-0.115,-0.828,-0.273,-0.432,-98.298,HR3383,Passed,Increasing Investor Opportunities Act,On Passage,
119,House,328,2025-12-11,1,329,210,216,0.026,0.126,0.714,-0.152,-0.262,HR3898,Failed,PERMIT Act,On Motion to Recommit,
119,House,329,2025-12-11,1,330,221,205,-0.025,0.149,-0.528,-1.171,-10.909,HR3898,Passed,PERMIT Act,On Passage,
119,House,330,2025-12-11,1,331,232,194,0.128,0.728,0.599,0.89,-39.346,HRES432,Passed,"Providing for consideration of the bill (H.R. 2550) to nullify the Executive Order relating to Exclusions from Federal Labor-Management Relations Programs, and for other purposes",On Agreeing to the Resolution,
119,House,331,2025-12-11,1,332,231,195,0.301,0.081,0.654,0.678,-23.071,HR2550,Passed,Protect America’s Workforce Act,On Passage,
119,House,332,2025-12-12,1,333,194,204,0.028,0.131,0.713,-0.159,-0.268,HR3668,Failed,Improving Interagency Coordination for Pipeline Reviews Act,On Motion to Recommit,
119,House,333,2025-12-12,1,334,213,184,-0.076,0.276,-0.492,-1.254,-12.008,HR3668,Passed,Improving Interagency Coordination for Pipeline Reviews Act,On Passage,
119,House,334,2025-12-15,1,335,370,22,0.66,-0.407,0.484,-1.29,-21.266,S284,Passed,Congressional Award Program Reauthorization Act,On Motion to Suspend the Rules and Pass,
119,House,335,2025-12-15,1,336,388,0,0.0,0.0,0.0,0.0,0.0,HR3187,Passed,"To require the Secretary of Agriculture to convey a parcel of property of the Forest Service to Perry County, Arkansas, and for other purposes","On Motion to Suspend the Rules and Pass, as Amended",
119,House,336,2025-12-16,1,337,215,207,0.028,0.132,-0.713,0.156,-0.268,HRES951,Passed,Providing for consideration of the bills (H.R. 4776) the SPEED Act; (H.R. 1366) the Mining Regulatory Clarity Act: (H.R. 845) the Pet and Livestock Protection Act; (H.R. 3616) the Reliable Power Act; (H.R. 3632) the Power Plant Reliability Act; and (H.R. 4371) the Kayla Hamilton Act,On Ordering the Previous Question,
119,House,337,2025-12-16,1,338,215,209,-0.094,0.86,-0.633,-0.841,-6.941,HRES951,Passed,Providing for consideration of the bills (H.R. 4776) the SPEED Act; (H.R. 1366) the Mining Regulatory Clarity Act: (H.R. 845) the Pet and Livestock Protection Act; (H.R. 3616) the Reliable Power Act; (H.R. 3632) the Power Plant Reliability Act; and (H.R. 4371) the Kayla Hamilton Act,On Agreeing to the Resolution,
119,House,338,2025-12-16,1,339,208,218,0.027,0.131,0.713,-0.156,-0.269,HR4371,Failed,Kayla Hamilton Act,On Motion to Recommit,
119,House,339,2025-12-16,1,340,225,201,-0.09,0.241,-0.555,-1.08,-8.318,HR4371,Passed,Kayla Hamilton Act,On Passage,
119,House,340,2025-12-16,1,341,207,218,0.027,0.13,0.713,-0.155,-0.269,HR3632,Failed,Power Plant Reliability Act,On Motion to Recommit,
119,House,341,2025-12-16,1,342,222,202,-0.266,0.693,-0.483,-1.091,-27.689,HR3632,Passed,Power Plant Reliability Act,On Passage,
119,House,342,2025-12-17,1,343,204,203,0.039,0.185,-0.716,0.086,-0.199,HRES953,Passed,Providing for consideration of the bills (H.R. 6703) Lower Health Care Premiums for All Americans Act; (H.R. 498) Do No Harm in Medicaid Act; and (H.R. 3492) Protect Children’s Innocence Act; and relating to consideration of the bill (H.R. 4776) SPEED Act,On Ordering the Previous Question,
119,House,343,2025-12-17,1,344,213,209,0.011,-0.263,-0.678,0.603,-3.763,HRES953,Passed,Providing for consideration of the bills (H.R. 6703) Lower Health Care Premiums for All Americans Act; (H.R. 498) Do No Harm in Medicaid Act; and (H.R. 3492) Protect Children’s Innocence Act; and relating to consideration of the bill (H.R. 4776) SPEED Act,On Agreeing to the Resolution,
119,House,344,2025-12-17,1,345,210,216,0.015,0.245,0.403,0.863,-15.867,HCONRES61,Failed,"Directing the President, pursuant to section 5(c) of the War Powers Resolution, to remove United States Armed Forces from hostilities with presidentially designated terrorist organizations in the Western Hemisphere",On Agreeing to the Resolution,
119,House,345,2025-12-17,1,346,211,213,-0.198,0.98,0.614,0.969,-16.128,HCONRES64,Failed,To direct the removal of United States Armed Forces from hostilities within or against Venezuela that have not been authorized by Congress,On Agreeing to the Resolution,
119,House,346,2025-12-17,1,347,225,203,-0.149,0.378,-0.607,-0.893,-12.235,HR3616,Passed,Reliable Power Act,On Passage,
119,House,347,2025-12-17,1,348,210,218,0.027,0.13,0.713,-0.157,-0.269,HR6703,Failed,Lower Health Care Premiums for All Americans Act,On Motion to Recommit,
119,House,348,2025-12-17,1,349,216,211,-0.122,0.992,-0.629,-0.681,-5.425,HR6703,Passed,Lower Health Care Premiums for All Americans Act,On Passage,
119,House,349,2025-12-17,1,350,210,218,0.027,0.13,0.713,-0.157,-0.269,HR3492,Failed,Protect Children’s Innocence Act,On Motion to Recommit,
119,House,350,2025-12-17,1,351,216,211,-0.075,0.457,-0.385,-0.902,-20.465,HR3492,Passed,Protect Children’s Innocence Act,On Passage,
119,House,351,2025-12-18,1,352,205,220,0.443,-0.749,-0.608,-0.95,-22.036,HR4776,Failed,,On Agreeing to the Amendment,
119,House,352,2025-12-18,1,353,208,214,0.315,-0.949,-0.466,-0.413,-18.686,HR4776,Failed,,On Agreeing to the Amendment,
119,House,353,2025-12-18,1,354,204,217,0.4,-0.911,-0.648,-0.761,-19.418,HR4776,Failed,,On Agreeing to the Amendment,
119,House,354,2025-12-18,1,355,206,211,-0.036,0.241,0.709,0.279,-2.285,HR4776,Failed,SPEED Act,On Motion to Recommit,
119,House,355,2025-12-18,1,356,221,196,0.121,-0.228,-0.419,-1.092,-25.029,HR4776,Passed,SPEED Act,On Passage,
119,House,356,2025-12-18,1,357,205,213,0.046,0.706,0.355,-0.1,-9.937,HR1366,Failed,Mining Regulatory Clarity Act,On Motion to Recommit,
119,House,357,2025-12-18,1,358,219,198,-0.068,0.14,-0.375,-0.702,-21.212,HR1366,Passed,Mining Regulatory Clarity Act,On Passage,
119,House,358,2025-12-18,1,359,204,213,0.149,0.989,0.527,-0.401,-8.054,HR845,Failed,Pet and Livestock Protection Act,On Motion to Recommit,
119,House,359,2025-12-18,1,360,211,204,-0.084,0.388,-0.464,-1.262,-20.531,HR845,Passed,Pet and Livestock Protection Act,On Passage,
119,House,360,2025-12-18,1,361,204,212,0.027,0.129,0.713,-0.16,-0.269,HR498,Failed,Do No Harm in Medicaid Act,On Motion to Recommit,
119,House,361,2025-12-18,1,362,215,201,0.009,0.062,-0.566,-1.052,-7.934,HR498,Passed,Do No Harm in Medicaid Act,On Passage,
119,House,362,2026-01-07,2,2,213,211,0.027,0.129,-0.713,0.16,-0.269,HRES977,Passed,"Providing for consideration of the bill (H.R. 4593) the SHOWER Act; providing for consideration of the bill (H.R. 5184) the Affordable HOMES Act; and providing for consideration of the bill (H.R. 6938) making consolidated appropriations for the fiscal year ending September 30, 2026, and for other purposes",On Ordering the Previous Question,
119,House,363,2026-01-07,2,3,214,212,0.027,0.129,-0.713,0.16,-0.269,HRES977,Passed,"Providing for consideration of the bill (H.R. 4593) the SHOWER Act; providing for consideration of the bill (H.R. 5184) the Affordable HOMES Act; and providing for consideration of the bill (H.R. 6938) making consolidated appropriations for the fiscal year ending September 30, 2026, and for other purposes",On Agreeing to the Resolution,
119,House,364,2026-01-07,2,4,221,205,0.194,0.527,0.703,0.3,-16.955,HRES780,Passed,Providing for consideration of the bill (H.R. 1834) to advance policy priorities that will break the gridlock,On Motion to Discharge,
119,House,365,2026-01-08,2,5,375,47,0.846,0.178,0.294,-0.775,-77.075,HR6938,Passed,"Commerce, Justice, Science; Energy and Water Development; and Interior and Environment Appropriations Act, 2026",On Retaining Division A,
119,House,366,2026-01-08,2,6,419,6,0.0,0.0,0.0,0.0,0.0,HR6938,Passed,"Commerce, Justice, Science; Energy and Water Development; and Interior and Environment Appropriations Act, 2026",On Retaining Divisions B and C,
119,House,367,2026-01-08,2,7,397,28,0.67,-0.428,0.165,-0.765,-64.25,HR6938,Passed,"Commerce, Justice, Science; Energy and Water Development; and Interior and Environment Appropriations Act, 2026",On Passage,
119,House,368,2026-01-08,2,8,236,188,0.261,0.965,0.315,0.01,-51.38,HR504,Failed,Miccosukee Reserved Area Amendments Act,"Passage, Objections of the President To The Contrary Notwithstanding",
119,House,369,2026-01-08,2,9,248,177,0.18,0.984,0.235,0.15,-82.954,HR131,Failed,Finish the Arkansas Valley Conduit Act,"Passage, Objections of the President To The Contrary Notwithstanding",
119,House,370,2026-01-08,2,10,224,202,0.11,0.994,0.529,0.382,-24.508,HRES780,Passed,Providing for consideration of the bill (H.R. 1834) to advance policy priorities that will break the gridlock,On Agreeing to the Resolution,
119,House,371,2026-01-08,2,11,230,196,0.174,0.985,0.557,0.337,-33.848,HR1834,Passed,Breaking the Gridlock Act,On Passage,
119,House,372,2026-01-09,2,12,263,147,-0.209,-0.418,-0.331,-0.32,-78.056,HR5184,Passed,Affordable HOMES Act,On Passage,
119,House,373,2026-01-12,2,13,369,22,0.617,-0.487,0.44,-1.382,-22.381,HR2683,Passed,Remote Access Security Act,"On Motion to Suspend the Rules and Pass, as Amended",
119,House,374,2026-01-12,2,14,340,54,0.917,0.4,0.349,-0.931,-82.744,HR6500,Passed,AGOA Extension Act,"On Motion to Suspend the Rules and Pass, as Amended",
119,House,375,2026-01-12,2,15,345,45,0.383,-0.56,0.285,-1.043,-48.617,HR6504,Passed,Haiti Economic Lift Program Extension Act,"On Motion to Suspend the Rules and Pass, as Amended",
119,House,376,2026-01-13,2,16,206,205,0.027,0.122,-0.713,0.164,-0.266,HRES988,Passed,Providing for consideration of (H.R. 2988) Protecting Prudent Investment of Retirement Savings Act; (H.R. 2262) Flexibility for Workers Education Act; (H.R. 2270) Empowering Employer Child and Elder Care Solutions Act; (H.R. 2312) Tipped Employee Protection Act; and (H.R. 4366) Save Local Business Act,On Ordering the Previous Question,
119,House,377,2026-01-13,2,17,214,207,0.027,0.128,-0.713,0.158,-0.269,HRES988,Passed,Providing for consideration of (H.R. 2988) Protecting Prudent Investment of Retirement Savings Act; (H.R. 2262) Flexibility for Workers Education Act; (H.R. 2270) Empowering Employer Child and Elder Care Solutions Act; (H.R. 2312) Tipped Employee Protection Act; and (H.R. 4366) Save Local Business Act,On Agreeing to the Resolution,
119,House,378,2026-01-13,2,18,209,213,0.027,0.129,0.713,-0.16,-0.269,HR2262,Failed,Flexibility for Workers Education Act,On Motion to Recommit,
119,House,379,2026-01-13,2,19,209,215,-0.062,0.848,-0.363,-0.485,-19.63,HR2262,Failed,Flexibility for Workers Education Act,On Passage,
119,House,380,2026-01-13,2,20,209,213,0.027,0.129,0.713,-0.16,-0.269,HR2270,Failed,Empowering Employer Child and Elder Care Solutions Act,On Motion to Recommit,
119,House,381,2026-01-13,2,21,209,215,0.027,0.129,0.713,-0.16,-0.269,HR2312,Failed,Tipped Employee Protection Act,On Motion to Recommit,
119,House,382,2026-01-13,2,22,209,215,0.027,0.129,0.713,-0.16,-0.269,HR4593,Failed,SHOWER Act,On Motion to Recommit,
119,House,383,2026-01-13,2,23,226,197,-0.076,0.041,-0.493,-0.912,-20.975,HR4593,Passed,SHOWER Act,On Passage,
119,House,384,2026-01-14,2,24,213,209,0.027,0.129,-0.713,0.159,-0.269,HRES992,Passed,"Providing for consideration of the bill (H.R. 7006) the Financial Services and General Government and National Security, Department of State, and Related Programs Appropriations Act, 2026",On Ordering the Previous Question,
119,House,385,2026-01-14,2,25,213,210,0.027,0.129,-0.713,0.159,-0.269,HRES992,Passed,"Providing for consideration of the bill (H.R. 7006) the Financial Services and General Government and National Security, Department of State, and Related Programs Appropriations Act, 2026",On Agreeing to the Resolution,
119,House,386,2026-01-14,2,26,163,257,0.23,-0.421,-0.269,0.316,-69.057,HR7006,Failed,,On Agreeing to the Amendment,
119,House,387,2026-01-14,2,27,127,291,0.134,-0.757,-0.359,0.759,-78.028,HR7006,Failed,,On Agreeing to the Amendment,
119,House,388,2026-01-14,2,28,341,79,0.523,-0.373,-0.002,-1.67,-116.936,HR7006,Passed,"Financial Services and General Government and National Security, Department of State, and Related Programs Appropriations Act, 2026",On Passage,
119,House,389,2026-01-15,2,29,395,22,-0.638,0.77,-0.312,-0.068,-71.308,HR2988,Agreed to,,On Agreeing to the Amendment,
119,House,390,2026-01-15,2,30,206,210,0.016,-0.858,0.733,0.136,-5.382,HR2988,Failed,Protecting Prudent Investment of Retirement Savings Act,On Motion to Recommit,
119,House,391,2026-01-15,2,31,213,205,0.233,-0.933,-0.477,-0.547,-14.008,HR2988,Passed,Protecting Prudent Investment of Retirement Savings Act,On Passage,
119,House,392,2026-01-20,2,32,383,8,0.0,0.0,0.0,0.0,0.0,HR5763,Passed,Main Street Parity Act,On Motion to Suspend the Rules and Pass,
119,House,393,2026-01-20,2,33,395,14,-0.304,-0.953,-0.034,-0.777,-45.81,HR5764,Passed,AI for Main Street Act,"On Motion to Suspend the Rules and Pass, as Amended",
119,House,394,2026-01-21,2,34,212,210,0.027,0.128,-0.713,0.16,-0.269,HRES1009,Passed,Providing for consideration of the bills H.R. 6945 and H.R. 6359; and providing for consideration of the joint resolution H.J. Res. 140,On Ordering the Previous Question,
119,House,395,2026-01-21,2,35,213,210,0.027,0.128,-0.713,0.16,-0.269,HRES1009,Passed,Providing for consideration of the bills H.R. 6945 and H.R. 6359; and providing for consideration of the joint resolution H.J. Res. 140,On Agreeing to the Resolution,
119,House,396,2026-01-21,2,36,209,213,0.026,0.128,0.713,-0.16,-0.269,HR6945,Failed,Supporting Pregnant and Parenting Women and Families Act,On Motion to Recommit,
119,House,397,2026-01-21,2,37,215,209,0.071,-0.246,-0.666,-0.654,-4.006,HR6945,Passed,Supporting Pregnant and Parenting Women and Families Act,On Passage,
119,House,398,2026-01-21,2,38,214,208,0.053,0.005,-0.345,-0.121,-8.046,HJRES140,Passed,"Providing for congressional disapproval under chapter 8 of title 5, United States Code, of the rule submitted by the Bureau of Land Management relating to Public Land Order No. 7917 for Withdrawal of Federal Lands; Cook, Lake, and Saint Louis Counties, MN",On Passage,
119,House,399,2026-01-22,2,39,215,213,0.027,0.128,-0.713,0.159,-0.269,HRES1014,Passed,"Providing for consideration of the bill (H.R. 7148) the Consolidated Appropriations Act, 2026; providing for consideration of the bill (H.R. 7147) the Department of Homeland Security Appropriations Act, 2026; and for other purposes",On Ordering the Previous Question,
119,House,400,2026-01-22,2,40,427,0,0.0,0.0,0.0,0.0,0.0,HRES1014,Agreed to,,On Agreeing to the Amendment,
119,House,401,2026-01-22,2,41,214,213,0.027,0.128,-0.713,0.159,-0.269,HRES1014,Passed,"Providing for consideration of the bill (H.R. 7148) the Consolidated Appropriations Act, 2026; providing for consideration of the bill (H.R. 7147) the Department of Homeland Security Appropriations Act, 2026; and for other purposes","On Agreeing to the Resolution, as Amended",
119,House,402,2026-01-22,2,42,220,207,-0.19,0.521,-0.553,-1.111,-15.151,HR7147,Passed,"Making further consolidated appropriations for the fiscal year ending September 30, 2026, and for other purposes",On Passage,
119,House,403,2026-01-22,2,43,164,268,0.438,0.555,-0.228,0.225,-96.253,HR7148,Failed,,On Agreeing to the Amendment,
119,House,404,2026-01-22,2,44,136,291,0.414,-0.045,-0.296,0.284,-76.833,HR7148,Failed,,On Agreeing to the Amendment,
119,House,405,2026-01-22,2,45,341,88,0.55,-0.36,-0.008,-1.632,-129.588,HR7148,Passed,"Consolidated Appropriations Act, 2026",On Passage,
119,House,406,2026-01-22,2,46,213,216,0.027,0.128,0.713,-0.159,-0.269,HR6359,Failed,Pregnant Students’ Rights Act,On Motion to Recommit,
119,House,407,2026-01-22,2,47,217,211,0.07,-0.24,-0.665,-0.658,-4.007,HR6359,Passed,Pregnant Students’ Rights Act,On Passage,
119,House,408,2026-01-22,2,48,215,215,-0.098,0.995,0.74,0.849,-9.66,HCONRES68,Failed,To direct the removal of United States Armed Forces from Venezuela that have not been authorized by Congress,On Agreeing to the Resolution,
